"景點名稱","景點資料ID","照片網址","景點頁面","本機檔名","下載狀態"
"9420濱海休憩區","Attractions-1275","https://tour.taitung.gov.tw/image/28053/480x360","https://tour.taitung.gov.tw/zh-tw/Attraction/Details/1275","28053.jpg","existing"
"二層坪水橋","Attractions-1551","https://tour.taitung.gov.tw/image/53701/480x360","https://tour.taitung.gov.tw/zh-tw/Attraction/Details/1551","53701.jpg","existing"
"八仙洞","Attractions-354","https://tour.taitung.gov.tw/image/34474/480x360","https://tour.taitung.gov.tw/zh-tw/Attraction/Details/354","34474.jpg","existing"
"八代灣","Attractions-385","https://tour.taitung.gov.tw/image/33491/480x360","https://tour.taitung.gov.tw/zh-tw/Attraction/Details/385","33491.jpg","existing"
"八嗡嗡海岸","Attractions-1473","https://tour.taitung.gov.tw/image/53134/480x360","https://tour.taitung.gov.tw/zh-tw/Attraction/Details/1473","53134.jpg","existing"
"三仙台風景區","Attractions-333","https://tour.taitung.gov.tw/image/26551/480x360","https://tour.taitung.gov.tw/zh-tw/Attraction/Details/333","26551.jpg","existing"
"三和海濱公園","Attractions-348","https://tour.taitung.gov.tw/image/103/480x360","https://tour.taitung.gov.tw/zh-tw/Attraction/Details/348","103.jpg","existing"
"下賓朗部落","Attractions-1250","https://tour.taitung.gov.tw/image/5332/480x360","https://tour.taitung.gov.tw/zh-tw/Attraction/Details/1250","5332.jpg","existing"
"千年夫妻樹","Attractions-473","https://tour.taitung.gov.tw/image/1130/480x360","https://tour.taitung.gov.tw/zh-tw/Attraction/Details/473","1130.jpg","existing"
"千禧曙光紀念園區","Attractions-347","https://tour.taitung.gov.tw/image/28038/480x360","https://tour.taitung.gov.tw/zh-tw/Attraction/Details/347","28038.jpg","existing"
"土坂排灣族文藝社區","Attractions-244","https://tour.taitung.gov.tw/image/663/480x360","https://tour.taitung.gov.tw/zh-tw/Attraction/Details/244","663.jpg","existing"
"土坂部落","Attractions-1272","https://tour.taitung.gov.tw/image/5302/480x360","https://tour.taitung.gov.tw/zh-tw/Attraction/Details/1272","5302.png","downloaded"
"大白沙","Attractions-362","https://tour.taitung.gov.tw/image/34175/480x360","https://tour.taitung.gov.tw/zh-tw/Attraction/Details/362","34175.jpg","existing"
"大坡池","Attractions-252","https://tour.taitung.gov.tw/image/56786/480x360","https://tour.taitung.gov.tw/zh-tw/Attraction/Details/252","56786.jpg","existing"
"大坡部落","Attractions-1254","https://tour.taitung.gov.tw/image/5422/480x360","https://tour.taitung.gov.tw/zh-tw/Attraction/Details/1254","5422.jpg","existing"
"大武之心南迴驛","Attractions-1375","https://tour.taitung.gov.tw/image/31965/480x360","https://tour.taitung.gov.tw/zh-tw/Attraction/Details/1375","31965.jpg","existing"
"大武國家森林步道","Attractions-351","https://tour.taitung.gov.tw/image/678/480x360","https://tour.taitung.gov.tw/zh-tw/Attraction/Details/351","678.jpg","existing"
"大武彩虹街","Attractions-1290","https://tour.taitung.gov.tw/image/32755/480x360","https://tour.taitung.gov.tw/zh-tw/Attraction/Details/1290","32755.jpg","existing"
"大武漁港","Attractions-349","https://tour.taitung.gov.tw/image/687/480x360","https://tour.taitung.gov.tw/zh-tw/Attraction/Details/349","687.jpg","existing"
"大峰峰火山頸","Attractions-1310","https://tour.taitung.gov.tw/image/5671/480x360","https://tour.taitung.gov.tw/zh-tw/Attraction/Details/1310","5671.jpg","existing"
"大鳥休憩區","Attractions-1467","https://tour.taitung.gov.tw/image/52849/480x360","https://tour.taitung.gov.tw/zh-tw/Attraction/Details/1467","52849.jpg","existing"
"小米學堂","Attractions-1403","https://tour.taitung.gov.tw/image/33788/480x360","https://tour.taitung.gov.tw/zh-tw/Attraction/Details/1403","33788.jpg","existing"
"小馬隧道","Attractions-1547","https://tour.taitung.gov.tw/image/53670/480x360","https://tour.taitung.gov.tw/zh-tw/Attraction/Details/1547","53670.jpg","existing"
"小黃山","Attractions-277","https://tour.taitung.gov.tw/image/77/480x360","https://tour.taitung.gov.tw/zh-tw/Attraction/Details/277","77.jpg","existing"
"山里火車站","Attractions-1286","https://tour.taitung.gov.tw/image/50581/480x360","https://tour.taitung.gov.tw/zh-tw/Attraction/Details/1286","50581.jpg","existing"
"山豬窟休閒農業區","Attractions-352","https://tour.taitung.gov.tw/image/676/480x360","https://tour.taitung.gov.tw/zh-tw/Attraction/Details/352","676.jpg","existing"
"中寮漁港","Attractions-489","https://tour.taitung.gov.tw/image/1209/480x360","https://tour.taitung.gov.tw/zh-tw/Attraction/Details/489","1209.jpg","existing"
"中興崗哨","Attractions-1371","https://tour.taitung.gov.tw/image/32297/480x360","https://tour.taitung.gov.tw/zh-tw/Attraction/Details/1371","32297.jpg","existing"
"五孔洞","Attractions-386","https://tour.taitung.gov.tw/image/33494/480x360","https://tour.taitung.gov.tw/zh-tw/Attraction/Details/386","33494.jpg","existing"
"公東高工聖堂大樓","Attractions-491","https://tour.taitung.gov.tw/image/5380/480x360","https://tour.taitung.gov.tw/zh-tw/Attraction/Details/491","5380.jpg","existing"
"六口溫泉","Attractions-231","https://tour.taitung.gov.tw/image/582/480x360","https://tour.taitung.gov.tw/zh-tw/Attraction/Details/231","582.jpg","existing"
"天堂路","Attractions-1392","https://tour.taitung.gov.tw/image/32769/480x360","https://tour.taitung.gov.tw/zh-tw/Attraction/Details/1392","32769.jpg","existing"
"天際航空─熱氣球飛行夢工場","Attractions-1281","https://tour.taitung.gov.tw/image/50472/480x360","https://tour.taitung.gov.tw/zh-tw/Attraction/Details/1281","50472.jpg","existing"
"天龍古道","Attractions-213","https://tour.taitung.gov.tw/image/485/480x360","https://tour.taitung.gov.tw/zh-tw/Attraction/Details/213","485.jpg","existing"
"天龍吊橋","Attractions-212","https://tour.taitung.gov.tw/image/38890/480x360","https://tour.taitung.gov.tw/zh-tw/Attraction/Details/212","38890.jpg","existing"
"太麻里金針山","Attractions-345","https://tour.taitung.gov.tw/image/34325/480x360","https://tour.taitung.gov.tw/zh-tw/Attraction/Details/345","34325.jpg","existing"
"太麻里福興宮","Attractions-1477","https://tour.taitung.gov.tw/image/52290/480x360","https://tour.taitung.gov.tw/zh-tw/Attraction/Details/1477","52290.jpg","existing"
"巴沙哇力部落","Attractions-1270","https://tour.taitung.gov.tw/image/5414/480x360","https://tour.taitung.gov.tw/zh-tw/Attraction/Details/1270","5414.jpg","existing"
"巴喜告部落(桃源部落)","Attractions-1258","https://tour.taitung.gov.tw/image/5388/480x360","https://tour.taitung.gov.tw/zh-tw/Attraction/Details/1258","5388.jpg","existing"
"巴塱衛山忘憂亭","Attractions-1559","https://tour.taitung.gov.tw/image/53785/480x360","https://tour.taitung.gov.tw/zh-tw/Attraction/Details/1559","53785.jpg","existing"
"月光小棧","Attractions-332","https://tour.taitung.gov.tw/image/191/480x360","https://tour.taitung.gov.tw/zh-tw/Attraction/Details/332","191.jpg","existing"
"水往上流奇觀","Attractions-319","https://tour.taitung.gov.tw/image/49748/480x360","https://tour.taitung.gov.tw/zh-tw/Attraction/Details/319","49748.jpg","existing"
"牛頭山","Attractions-364","https://tour.taitung.gov.tw/image/427/480x360","https://tour.taitung.gov.tw/zh-tw/Attraction/Details/364","427.jpg","existing"
"加母子灣","Attractions-329","https://tour.taitung.gov.tw/image/49613/480x360","https://tour.taitung.gov.tw/zh-tw/Attraction/Details/329","49613.jpg","existing"
"加路蘭遊憩區","Attractions-300","https://tour.taitung.gov.tw/image/54134/480x360","https://tour.taitung.gov.tw/zh-tw/Attraction/Details/300","54134.jpg","existing"
"卡夫龍安南島文化交流園區","Attractions-1587","https://tour.taitung.gov.tw/image/54034/480x360","https://tour.taitung.gov.tw/zh-tw/Attraction/Details/1587","54034.jpg","existing"
"卡地布文化園區","Attractions-463","https://tour.taitung.gov.tw/image/1057/480x360","https://tour.taitung.gov.tw/zh-tw/Attraction/Details/463","1057.jpg","existing"
"台東八幡神社","Attractions-1470","https://tour.taitung.gov.tw/image/53006/480x360","https://tour.taitung.gov.tw/zh-tw/Attraction/Details/1470","53006.jpg","existing"
"台東天后宮","Attractions-302","https://tour.taitung.gov.tw/image/47953/480x360","https://tour.taitung.gov.tw/zh-tw/Attraction/Details/302","47953.jpg","existing"
"台東糖廠","Attractions-1295","https://tour.taitung.gov.tw/image/48064/480x360","https://tour.taitung.gov.tw/zh-tw/Attraction/Details/1295","48064.jpg","existing"
"台糖池上牧野渡假村","Attractions-253","https://tour.taitung.gov.tw/image/48282/480x360","https://tour.taitung.gov.tw/zh-tw/Attraction/Details/253","48282.jpg","existing"
"布農族文化館","Attractions-221","https://tour.taitung.gov.tw/image/514/480x360","https://tour.taitung.gov.tw/zh-tw/Attraction/Details/221","514.jpg","existing"
"布農部落休閒農場","Attractions-232","https://tour.taitung.gov.tw/image/595/480x360","https://tour.taitung.gov.tw/zh-tw/Attraction/Details/232","595.jpg","existing"
"永安玉龍泉步道","Attractions-276","https://tour.taitung.gov.tw/image/36013/480x360","https://tour.taitung.gov.tw/zh-tw/Attraction/Details/276","36013.jpg","existing"
"永昌部落","Attractions-1257","https://tour.taitung.gov.tw/image/5402/480x360","https://tour.taitung.gov.tw/zh-tw/Attraction/Details/1257","5402.jpg","existing"
"永福社區 海景鳥居","Attractions-1468","https://tour.taitung.gov.tw/image/52901/480x360","https://tour.taitung.gov.tw/zh-tw/Attraction/Details/1468","52901.jpg","existing"
"玉女岩(火把岩)","Attractions-388","https://tour.taitung.gov.tw/image/33497/480x360","https://tour.taitung.gov.tw/zh-tw/Attraction/Details/388","33497.jpg","existing"
"玉長公路","Attractions-358","https://tour.taitung.gov.tw/image/49005/480x360","https://tour.taitung.gov.tw/zh-tw/Attraction/Details/358","49005.jpg","existing"
"白玉瀑布","Attractions-279","https://tour.taitung.gov.tw/image/125/480x360","https://tour.taitung.gov.tw/zh-tw/Attraction/Details/279","125.jpg","existing"
"白色恐怖綠島紀念園區","Attractions-361","https://tour.taitung.gov.tw/image/26783/480x360","https://tour.taitung.gov.tw/zh-tw/Attraction/Details/361","26783.jpg","existing"
"石山部落","Attractions-1252","https://tour.taitung.gov.tw/image/5401/480x360","https://tour.taitung.gov.tw/zh-tw/Attraction/Details/1252","5401.jpg","existing"
"石門長濱自行車道","Attractions-427","https://tour.taitung.gov.tw/image/308/480x360","https://tour.taitung.gov.tw/zh-tw/Attraction/Details/427","308.jpg","existing"
"石雨傘","Attractions-336","https://tour.taitung.gov.tw/image/26478/480x360","https://tour.taitung.gov.tw/zh-tw/Attraction/Details/336","26478.jpg","existing"
"石朗潛水區","Attractions-365","https://tour.taitung.gov.tw/image/50754/480x360","https://tour.taitung.gov.tw/zh-tw/Attraction/Details/365","50754.jpg","existing"
"向陽國家森林遊樂區","Attractions-214","https://tour.taitung.gov.tw/image/5107/480x360","https://tour.taitung.gov.tw/zh-tw/Attraction/Details/214","5107.jpg","existing"
"向陽薪傳木工坊","Attractions-1299","https://tour.taitung.gov.tw/image/33594/480x360","https://tour.taitung.gov.tw/zh-tw/Attraction/Details/1299","33594.jpg","existing"
"多良公車站","Attractions-1579","https://tour.taitung.gov.tw/image/53975/480x360","https://tour.taitung.gov.tw/zh-tw/Attraction/Details/1579","53975.jpg","existing"
"多良火車站","Attractions-429","https://tour.taitung.gov.tw/image/49550/480x360","https://tour.taitung.gov.tw/zh-tw/Attraction/Details/429","49550.jpg","existing"
"帆船鼻","Attractions-366","https://tour.taitung.gov.tw/image/401/480x360","https://tour.taitung.gov.tw/zh-tw/Attraction/Details/366","401.jpg","existing"
"成功故事館","Attractions-1302","https://tour.taitung.gov.tw/image/5660/480x360","https://tour.taitung.gov.tw/zh-tw/Attraction/Details/1302","5660.jpg","existing"
"成功萬善廟","Attractions-1474","https://tour.taitung.gov.tw/image/53185/480x360","https://tour.taitung.gov.tw/zh-tw/Attraction/Details/1474","53185.jpg","existing"
"成功漁港","Attractions-337","https://tour.taitung.gov.tw/image/52752/480x360","https://tour.taitung.gov.tw/zh-tw/Attraction/Details/337","52752.jpg","existing"
"成廣澳文化地景(廣恆發遺跡)","Attractions-424","https://tour.taitung.gov.tw/image/283/480x360","https://tour.taitung.gov.tw/zh-tw/Attraction/Details/424","283.jpg","existing"
"江賢二藝術園區","Attractions-1469","https://tour.taitung.gov.tw/image/52955/480x360","https://tour.taitung.gov.tw/zh-tw/Attraction/Details/1469","52955.jpg","existing"
"池上地牛故事館","Attractions-1312","https://tour.taitung.gov.tw/image/5687/480x360","https://tour.taitung.gov.tw/zh-tw/Attraction/Details/1312","5687.jpg","existing"
"池上圳水利公園","Attractions-1591","https://tour.taitung.gov.tw/image/54097/480x360","https://tour.taitung.gov.tw/zh-tw/Attraction/Details/1591","54097.jpg","existing"
"池上直銷驛站","Attractions-1571","https://tour.taitung.gov.tw/image/53898/480x360","https://tour.taitung.gov.tw/zh-tw/Attraction/Details/1571","53898.jpg","existing"
"池上浮圳","Attractions-262","https://tour.taitung.gov.tw/image/498/480x360","https://tour.taitung.gov.tw/zh-tw/Attraction/Details/262","498.jpg","existing"
"池上飯包文化故事館","Attractions-487","https://tour.taitung.gov.tw/image/23678/480x360","https://tour.taitung.gov.tw/zh-tw/Attraction/Details/487","23678.jpg","existing"
"池上穀倉藝術館","Attractions-1429","https://tour.taitung.gov.tw/image/48412/480x360","https://tour.taitung.gov.tw/zh-tw/Attraction/Details/1429","48412.jpg","existing"
"池上環鄉自行車道","Attractions-494","https://tour.taitung.gov.tw/image/23666/480x360","https://tour.taitung.gov.tw/zh-tw/Attraction/Details/494","23666.jpg","existing"
"老人岩","Attractions-389","https://tour.taitung.gov.tw/image/33711/480x360","https://tour.taitung.gov.tw/zh-tw/Attraction/Details/389","33711.jpg","existing"
"伯朗大道","Attractions-430","https://tour.taitung.gov.tw/image/34257/480x360","https://tour.taitung.gov.tw/zh-tw/Attraction/Details/430","34257.jpg","existing"
"初來橋","Attractions-1480","https://tour.taitung.gov.tw/image/52460/480x360","https://tour.taitung.gov.tw/zh-tw/Attraction/Details/1480","52460.jpg","existing"
"初鹿牧場","Attractions-285","https://tour.taitung.gov.tw/image/34309/480x360","https://tour.taitung.gov.tw/zh-tw/Attraction/Details/285","34309.jpg","existing"
"初鹿部落","Attractions-1260","https://tour.taitung.gov.tw/image/5405/480x360","https://tour.taitung.gov.tw/zh-tw/Attraction/Details/1260","5405.jpg","existing"
"利吉部落","Attractions-1262","https://tour.taitung.gov.tw/image/5428/480x360","https://tour.taitung.gov.tw/zh-tw/Attraction/Details/1262","5428.jpg","existing"
"利吉惡地","Attractions-281","https://tour.taitung.gov.tw/image/49440/480x360","https://tour.taitung.gov.tw/zh-tw/Attraction/Details/281","49440.jpg","existing"
"利嘉林道","Attractions-294","https://tour.taitung.gov.tw/image/35995/480x360","https://tour.taitung.gov.tw/zh-tw/Attraction/Details/294","35995.jpg","existing"
"利稻部落","Attractions-216","https://tour.taitung.gov.tw/image/32035/480x360","https://tour.taitung.gov.tw/zh-tw/Attraction/Details/216","32035.jpg","existing"
"杉原灣","Attractions-1332","https://tour.taitung.gov.tw/image/29595/480x360","https://tour.taitung.gov.tw/zh-tw/Attraction/Details/1332","29595.jpg","existing"
"杜園","Attractions-255","https://tour.taitung.gov.tw/image/449/480x360","https://tour.taitung.gov.tw/zh-tw/Attraction/Details/255","449.jpg","existing"
"男人石","Attractions-423","https://tour.taitung.gov.tw/image/262/480x360","https://tour.taitung.gov.tw/zh-tw/Attraction/Details/423","262.jpg","existing"
"里壠驛（關山舊火車站）","Attractions-266","https://tour.taitung.gov.tw/image/49140/480x360","https://tour.taitung.gov.tw/zh-tw/Attraction/Details/266","49140.jpg","existing"
"卑南大圳水利公園","Attractions-318","https://tour.taitung.gov.tw/image/733/480x360","https://tour.taitung.gov.tw/zh-tw/Attraction/Details/318","733.jpg","existing"
"卑南遺址公園","Attractions-304","https://tour.taitung.gov.tw/image/29633/480x360","https://tour.taitung.gov.tw/zh-tw/Attraction/Details/304","29633.jpg","existing"
"坦克岩","Attractions-390","https://tour.taitung.gov.tw/image/33714/480x360","https://tour.taitung.gov.tw/zh-tw/Attraction/Details/390","33714.jpg","existing"
"奉茶樹","Attractions-1391","https://tour.taitung.gov.tw/image/32767/480x360","https://tour.taitung.gov.tw/zh-tw/Attraction/Details/1391","32767.jpg","existing"
"孟宗竹林步道","Attractions-1575","https://tour.taitung.gov.tw/image/53935/480x360","https://tour.taitung.gov.tw/zh-tw/Attraction/Details/1575","53935.jpg","existing"
"宜灣卡片教堂","Attractions-1276","https://tour.taitung.gov.tw/image/5331/480x360","https://tour.taitung.gov.tw/zh-tw/Attraction/Details/1276","5331.jpg","existing"
"忠勇社區自行車道","Attractions-455","https://tour.taitung.gov.tw/image/942/480x360","https://tour.taitung.gov.tw/zh-tw/Attraction/Details/455","942.jpg","existing"
"拉勞蘭部落","Attractions-1274","https://tour.taitung.gov.tw/image/5841/480x360","https://tour.taitung.gov.tw/zh-tw/Attraction/Details/1274","5841.jpg","existing"
"東河橋遊憩區","Attractions-321","https://tour.taitung.gov.tw/image/53315/480x360","https://tour.taitung.gov.tw/zh-tw/Attraction/Details/321","53315.jpg","existing"
"東清灣","Attractions-391","https://tour.taitung.gov.tw/image/32298/480x360","https://tour.taitung.gov.tw/zh-tw/Attraction/Details/391","32298.jpg","existing"
"東部海岸國家風景區管理處","Attractions-338","https://tour.taitung.gov.tw/image/19/480x360","https://tour.taitung.gov.tw/zh-tw/Attraction/Details/338","19.jpg","existing"
"武陵綠色隧道","Attractions-272","https://tour.taitung.gov.tw/image/50698/480x360","https://tour.taitung.gov.tw/zh-tw/Attraction/Details/272","50698.jpg","existing"
"知本天主堂","Attractions-464","https://tour.taitung.gov.tw/image/1064/480x360","https://tour.taitung.gov.tw/zh-tw/Attraction/Details/464","1064.jpg","existing"
"知本圳親水公園","Attractions-280","https://tour.taitung.gov.tw/image/941/480x360","https://tour.taitung.gov.tw/zh-tw/Attraction/Details/280","941.jpg","existing"
"知本林道瀑布","Attractions-472","https://tour.taitung.gov.tw/image/54714/480x360","https://tour.taitung.gov.tw/zh-tw/Attraction/Details/472","54714.jpg","existing"
"知本國家森林遊樂區","Attractions-283","https://tour.taitung.gov.tw/image/28062/480x360","https://tour.taitung.gov.tw/zh-tw/Attraction/Details/283","28062.jpg","existing"
"知本溫泉","Attractions-284","https://tour.taitung.gov.tw/image/34448/480x360","https://tour.taitung.gov.tw/zh-tw/Attraction/Details/284","34448.jpg","existing"
"金色豐收館","Attractions-458","https://tour.taitung.gov.tw/image/1001/480x360","https://tour.taitung.gov.tw/zh-tw/Attraction/Details/458","1001.jpg","existing"
"金剛大道","Attractions-1287","https://tour.taitung.gov.tw/image/26460/480x360","https://tour.taitung.gov.tw/zh-tw/Attraction/Details/1287","26460.jpg","existing"
"金崙大橋","Attractions-1369","https://tour.taitung.gov.tw/image/31921/480x360","https://tour.taitung.gov.tw/zh-tw/Attraction/Details/1369","31921.jpg","existing"
"金崙沙灘","Attractions-1472","https://tour.taitung.gov.tw/image/53100/480x360","https://tour.taitung.gov.tw/zh-tw/Attraction/Details/1472","53100.jpg","existing"
"金崙溫泉風景區","Attractions-346","https://tour.taitung.gov.tw/image/52594/480x360","https://tour.taitung.gov.tw/zh-tw/Attraction/Details/346","52594.jpg","existing"
"金崙聖若瑟天主堂","Attractions-1471","https://tour.taitung.gov.tw/image/53052/480x360","https://tour.taitung.gov.tw/zh-tw/Attraction/Details/1471","53052.jpg","existing"
"金樽遊憩區","Attractions-322","https://tour.taitung.gov.tw/image/49813/480x360","https://tour.taitung.gov.tw/zh-tw/Attraction/Details/322","49813.jpg","existing"
"金樽漁港","Attractions-420","https://tour.taitung.gov.tw/image/48749/480x360","https://tour.taitung.gov.tw/zh-tw/Attraction/Details/420","48749.jpg","existing"
"金樽貓洞","Attractions-1405","https://tour.taitung.gov.tw/image/34351/480x360","https://tour.taitung.gov.tw/zh-tw/Attraction/Details/1405","34351.jpg","existing"
"金龍湖","Attractions-350","https://tour.taitung.gov.tw/image/683/480x360","https://tour.taitung.gov.tw/zh-tw/Attraction/Details/350","683.jpg","existing"
"長光遺址","Attractions-1311","https://tour.taitung.gov.tw/image/5672/480x360","https://tour.taitung.gov.tw/zh-tw/Attraction/Details/1311","5672.jpg","existing"
"長濱情人沙灘","Attractions-1328","https://tour.taitung.gov.tw/image/28513/480x360","https://tour.taitung.gov.tw/zh-tw/Attraction/Details/1328","28513.jpg","existing"
"阿美族民俗中心","Attractions-339","https://tour.taitung.gov.tw/image/214/480x360","https://tour.taitung.gov.tw/zh-tw/Attraction/Details/339","214.jpg","existing"
"青青草原","Attractions-404","https://tour.taitung.gov.tw/image/32313/480x360","https://tour.taitung.gov.tw/zh-tw/Attraction/Details/404","32313.jpg","existing"
"南王部落","Attractions-1251","https://tour.taitung.gov.tw/image/5335/480x360","https://tour.taitung.gov.tw/zh-tw/Attraction/Details/1251","5335.jpg","existing"
"南田海岸親水公園","Attractions-245","https://tour.taitung.gov.tw/image/28076/480x360","https://tour.taitung.gov.tw/zh-tw/Attraction/Details/245","28076.jpg","existing"
"南田部落","Attractions-1271","https://tour.taitung.gov.tw/image/5325/480x360","https://tour.taitung.gov.tw/zh-tw/Attraction/Details/1271","5325.jpg","existing"
"南竹湖部落","Attractions-1277","https://tour.taitung.gov.tw/image/5491/480x360","https://tour.taitung.gov.tw/zh-tw/Attraction/Details/1277","5491.jpg","existing"
"哈巴狗岩","Attractions-1293","https://tour.taitung.gov.tw/image/23606/480x360","https://tour.taitung.gov.tw/zh-tw/Attraction/Details/1293","23606.jpg","existing"
"客家香草主題園區","Attractions-493","https://tour.taitung.gov.tw/image/23667/480x360","https://tour.taitung.gov.tw/zh-tw/Attraction/Details/493","23667.jpg","existing"
"建和社區(射馬干部落)","Attractions-470","https://tour.taitung.gov.tw/image/50489/480x360","https://tour.taitung.gov.tw/zh-tw/Attraction/Details/470","50489.jpg","existing"
"柚子湖","Attractions-368","https://tour.taitung.gov.tw/image/419/480x360","https://tour.taitung.gov.tw/zh-tw/Attraction/Details/368","419.jpg","existing"
"紅葉少棒紀念館","Attractions-233","https://tour.taitung.gov.tw/image/30995/480x360","https://tour.taitung.gov.tw/zh-tw/Attraction/Details/233","30995.jpg","existing"
"紅葉谷綠能溫泉園區","Attractions-1390","https://tour.taitung.gov.tw/image/32651/480x360","https://tour.taitung.gov.tw/zh-tw/Attraction/Details/1390","32651.jpg","existing"
"紅葉部落","Attractions-1259","https://tour.taitung.gov.tw/image/5299/480x360","https://tour.taitung.gov.tw/zh-tw/Attraction/Details/1259","5299.jpg","existing"
"紅頭岩(像水渠一樣)","Attractions-384","https://tour.taitung.gov.tw/image/35966/480x360","https://tour.taitung.gov.tw/zh-tw/Attraction/Details/384","35966.jpg","existing"
"軍艦岩","Attractions-392","https://tour.taitung.gov.tw/image/33488/480x360","https://tour.taitung.gov.tw/zh-tw/Attraction/Details/392","33488.jpg","existing"
"原住民祖先發祥地碑","Attractions-344","https://tour.taitung.gov.tw/image/88/480x360","https://tour.taitung.gov.tw/zh-tw/Attraction/Details/344","88.jpg","existing"
"柴口浮潛區","Attractions-478","https://tour.taitung.gov.tw/image/5137/480x360","https://tour.taitung.gov.tw/zh-tw/Attraction/Details/478","5137.jpg","existing"
"桃源村蝴蝶谷","Attractions-236","https://tour.taitung.gov.tw/image/48442/480x360","https://tour.taitung.gov.tw/zh-tw/Attraction/Details/236","48442.jpg","existing"
"泰安部落／大巴六九部落","Attractions-1249","https://tour.taitung.gov.tw/image/5350/480x360","https://tour.taitung.gov.tw/zh-tw/Attraction/Details/1249","5350.jpg","existing"
"泰源幽谷","Attractions-324","https://tour.taitung.gov.tw/image/48593/480x360","https://tour.taitung.gov.tw/zh-tw/Attraction/Details/324","48593.jpg","existing"
"海洋生態意象廣場","Attractions-1427","https://tour.taitung.gov.tw/image/49487/480x360","https://tour.taitung.gov.tw/zh-tw/Attraction/Details/1427","49487.jpg","existing"
"海洋環境教室","Attractions-1563","https://tour.taitung.gov.tw/image/53824/480x360","https://tour.taitung.gov.tw/zh-tw/Attraction/Details/1563","53824.jpg","existing"
"海參坪","Attractions-363","https://tour.taitung.gov.tw/image/34170/480x360","https://tour.taitung.gov.tw/zh-tw/Attraction/Details/363","34170.jpg","existing"
"海賊灣沙灘","Attractions-1567","https://tour.taitung.gov.tw/image/53856/480x360","https://tour.taitung.gov.tw/zh-tw/Attraction/Details/1567","53856.jpg","existing"
"海濱公園","Attractions-308","https://tour.taitung.gov.tw/image/52706/480x360","https://tour.taitung.gov.tw/zh-tw/Attraction/Details/308","52706.jpg","existing"
"浸水營國家步道","Attractions-246","https://tour.taitung.gov.tw/image/29608/480x360","https://tour.taitung.gov.tw/zh-tw/Attraction/Details/246","29608.jpg","existing"
"烏石鼻","Attractions-355","https://tour.taitung.gov.tw/image/48956/480x360","https://tour.taitung.gov.tw/zh-tw/Attraction/Details/355","48956.jpg","existing"
"烏油窟","Attractions-1294","https://tour.taitung.gov.tw/image/50750/480x360","https://tour.taitung.gov.tw/zh-tw/Attraction/Details/1294","50750.jpg","existing"
"真柄部落","Attractions-1264","https://tour.taitung.gov.tw/image/5345/480x360","https://tour.taitung.gov.tw/zh-tw/Attraction/Details/1264","5345.jpg","existing"
"馬背調整池水利公園","Attractions-275","https://tour.taitung.gov.tw/image/538/480x360","https://tour.taitung.gov.tw/zh-tw/Attraction/Details/275","538.jpg","existing"
"馬蹄橋","Attractions-370","https://tour.taitung.gov.tw/image/35921/480x360","https://tour.taitung.gov.tw/zh-tw/Attraction/Details/370","35921.jpg","existing"
"馬蘭車站","Attractions-465","https://tour.taitung.gov.tw/image/35539/480x360","https://tour.taitung.gov.tw/zh-tw/Attraction/Details/465","35539.jpg","existing"
"國立臺東生活美學館","Attractions-1308","https://tour.taitung.gov.tw/image/48165/480x360","https://tour.taitung.gov.tw/zh-tw/Attraction/Details/1308","48165.jpg","existing"
"國立臺灣史前文化博物館","Attractions-309","https://tour.taitung.gov.tw/image/33933/480x360","https://tour.taitung.gov.tw/zh-tw/Attraction/Details/309","33933.jpg","existing"
"埡口","Attractions-217","https://tour.taitung.gov.tw/image/31963/480x360","https://tour.taitung.gov.tw/zh-tw/Attraction/Details/217","31963.jpg","existing"
"基翬自行車道","Attractions-1595","https://tour.taitung.gov.tw/image/54727/480x360","https://tour.taitung.gov.tw/zh-tw/Attraction/Details/1595","54727.jpg","existing"
"基翬漁港","Attractions-433","https://tour.taitung.gov.tw/image/787/480x360","https://tour.taitung.gov.tw/zh-tw/Attraction/Details/433","787.jpg","existing"
"將軍岩","Attractions-371","https://tour.taitung.gov.tw/image/50757/480x360","https://tour.taitung.gov.tw/zh-tw/Attraction/Details/371","50757.jpg","existing"
"崑慈堂","Attractions-476","https://tour.taitung.gov.tw/image/36015/480x360","https://tour.taitung.gov.tw/zh-tw/Attraction/Details/476","36015.jpg","existing"
"情人洞","Attractions-395","https://tour.taitung.gov.tw/image/35952/480x360","https://tour.taitung.gov.tw/zh-tw/Attraction/Details/395","35952.jpg","existing"
"逢坂抗日紀念碑","Attractions-228","https://tour.taitung.gov.tw/image/561/480x360","https://tour.taitung.gov.tw/zh-tw/Attraction/Details/228","561.jpg","existing"
"都蘭山登山步道","Attractions-327","https://tour.taitung.gov.tw/image/167/480x360","https://tour.taitung.gov.tw/zh-tw/Attraction/Details/327","167.jpg","existing"
"都蘭部落(都蘭國)","Attractions-1267","https://tour.taitung.gov.tw/image/48692/480x360","https://tour.taitung.gov.tw/zh-tw/Attraction/Details/1267","48692.jpg","existing"
"都蘭遺址","Attractions-325","https://tour.taitung.gov.tw/image/156/480x360","https://tour.taitung.gov.tw/zh-tw/Attraction/Details/325","156.jpg","existing"
"野銀冷泉","Attractions-1372","https://tour.taitung.gov.tw/image/32282/480x360","https://tour.taitung.gov.tw/zh-tw/Attraction/Details/1372","32282.jpg","existing"
"野銀舊部落","Attractions-393","https://tour.taitung.gov.tw/image/23621/480x360","https://tour.taitung.gov.tw/zh-tw/Attraction/Details/393","23621.jpg","existing"
"頂岩灣四格山步道","Attractions-295","https://tour.taitung.gov.tw/image/30690/480x360","https://tour.taitung.gov.tw/zh-tw/Attraction/Details/295","30690.jpg","existing"
"鹿野神社","Attractions-1298","https://tour.taitung.gov.tw/image/49042/480x360","https://tour.taitung.gov.tw/zh-tw/Attraction/Details/1298","49042.jpg","existing"
"鹿野高台","Attractions-450","https://tour.taitung.gov.tw/image/48012/480x360","https://tour.taitung.gov.tw/zh-tw/Attraction/Details/450","48012.jpg","existing"
"鹿野梅花鹿公園","Attractions-1479","https://tour.taitung.gov.tw/image/52401/480x360","https://tour.taitung.gov.tw/zh-tw/Attraction/Details/1479","52401.jpg","existing"
"鹿野親子公園","Attractions-1430","https://tour.taitung.gov.tw/image/49095/480x360","https://tour.taitung.gov.tw/zh-tw/Attraction/Details/1430","49095.jpg","existing"
"鹿野龍田自行車道","Attractions-475","https://tour.taitung.gov.tw/image/36011/480x360","https://tour.taitung.gov.tw/zh-tw/Attraction/Details/475","36011.jpg","existing"
"鹿鳴吊橋景觀遊憩區","Attractions-269","https://tour.taitung.gov.tw/image/48503/480x360","https://tour.taitung.gov.tw/zh-tw/Attraction/Details/269","48503.jpg","existing"
"麻荖漏步道","Attractions-485","https://tour.taitung.gov.tw/image/1186/480x360","https://tour.taitung.gov.tw/zh-tw/Attraction/Details/485","1186.jpg","existing"
"堺橋休息區","Attractions-1475","https://tour.taitung.gov.tw/image/53222/480x360","https://tour.taitung.gov.tw/zh-tw/Attraction/Details/1475","53222.jpg","existing"
"富山漁業資源保育區","Attractions-282","https://tour.taitung.gov.tw/image/26375/480x360","https://tour.taitung.gov.tw/zh-tw/Attraction/Details/282","26375.jpg","existing"
"富岡地質公園 (小野柳)","Attractions-301","https://tour.taitung.gov.tw/image/56569/480x360","https://tour.taitung.gov.tw/zh-tw/Attraction/Details/301","56569.jpg","existing"
"富岡漁港","Attractions-310","https://tour.taitung.gov.tw/image/24590/480x360","https://tour.taitung.gov.tw/zh-tw/Attraction/Details/310","24590.jpg","existing"
"富源觀景台","Attractions-481","https://tour.taitung.gov.tw/image/1160/480x360","https://tour.taitung.gov.tw/zh-tw/Attraction/Details/481","1160.jpg","existing"
"朝日溫泉","Attractions-372","https://tour.taitung.gov.tw/image/30482/480x360","https://tour.taitung.gov.tw/zh-tw/Attraction/Details/372","30482.jpg","existing"
"森永部落","Attractions-1273","https://tour.taitung.gov.tw/image/5301/480x360","https://tour.taitung.gov.tw/zh-tw/Attraction/Details/1273","5301.jpg","existing"
"登仙橋遊憩區","Attractions-326","https://tour.taitung.gov.tw/image/48633/480x360","https://tour.taitung.gov.tw/zh-tw/Attraction/Details/326","48633.jpg","existing"
"莿桐部落","Attractions-1268","https://tour.taitung.gov.tw/image/5410/480x360","https://tour.taitung.gov.tw/zh-tw/Attraction/Details/1268","5410.jpg","existing"
"華源海灣","Attractions-1289","https://tour.taitung.gov.tw/image/35499/480x360","https://tour.taitung.gov.tw/zh-tw/Attraction/Details/1289","35499.jpg","existing"
"華源曙光觀景台","Attractions-1396","https://tour.taitung.gov.tw/image/34431/480x360","https://tour.taitung.gov.tw/zh-tw/Attraction/Details/1396","34431.jpg","existing"
"開元港","Attractions-397","https://tour.taitung.gov.tw/image/23616/480x360","https://tour.taitung.gov.tw/zh-tw/Attraction/Details/397","23616.jpg","existing"
"新化部落","Attractions-1261","https://tour.taitung.gov.tw/image/5340/480x360","https://tour.taitung.gov.tw/zh-tw/Attraction/Details/1261","5340.jpg","existing"
"新生廣場","Attractions-1583","https://tour.taitung.gov.tw/image/54004/480x360","https://tour.taitung.gov.tw/zh-tw/Attraction/Details/1583","54004.jpg","existing"
"新良人工濕地","Attractions-273","https://tour.taitung.gov.tw/image/31952/480x360","https://tour.taitung.gov.tw/zh-tw/Attraction/Details/273","31952.jpg","existing"
"新東糖廠文化園區","Attractions-331","https://tour.taitung.gov.tw/image/48539/480x360","https://tour.taitung.gov.tw/zh-tw/Attraction/Details/331","48539.jpg","existing"
"新武呂溪保護區","Attractions-220","https://tour.taitung.gov.tw/image/1207/480x360","https://tour.taitung.gov.tw/zh-tw/Attraction/Details/220","1207.jpg","existing"
"新武路峽","Attractions-230","https://tour.taitung.gov.tw/image/571/480x360","https://tour.taitung.gov.tw/zh-tw/Attraction/Details/230","571.jpg","existing"
"新港(彩虹)瀑布","Attractions-340","https://tour.taitung.gov.tw/image/1185/480x360","https://tour.taitung.gov.tw/zh-tw/Attraction/Details/340","1185.jpg","existing"
"新蘭漁港","Attractions-1329","https://tour.taitung.gov.tw/image/28535/480x360","https://tour.taitung.gov.tw/zh-tw/Attraction/Details/1329","28535.jpg","existing"
"睡美人岩","Attractions-1292","https://tour.taitung.gov.tw/image/23604/480x360","https://tour.taitung.gov.tw/zh-tw/Attraction/Details/1292","23604.jpg","existing"
"萬安禾鴨生態池","Attractions-260","https://tour.taitung.gov.tw/image/473/480x360","https://tour.taitung.gov.tw/zh-tw/Attraction/Details/260","473.jpg","existing"
"過山古道","Attractions-382","https://tour.taitung.gov.tw/image/352/480x360","https://tour.taitung.gov.tw/zh-tw/Attraction/Details/382","352.jpg","existing"
"達谷梵秘境","Attractions-1422","https://tour.taitung.gov.tw/image/47258/480x360","https://tour.taitung.gov.tw/zh-tw/Attraction/Details/1422","47258.jpg","existing"
"達魯瑪克部落","Attractions-288","https://tour.taitung.gov.tw/image/120/480x360","https://tour.taitung.gov.tw/zh-tw/Attraction/Details/288","120.jpg","existing"
"電光部落","Attractions-1255","https://tour.taitung.gov.tw/image/5423/480x360","https://tour.taitung.gov.tw/zh-tw/Attraction/Details/1255","5423.jpg","existing"
"嘉明湖","Attractions-229","https://tour.taitung.gov.tw/image/23713/480x360","https://tour.taitung.gov.tw/zh-tw/Attraction/Details/229","23713.jpg","existing"
"嘉蘭天空步道","Attractions-1309","https://tour.taitung.gov.tw/image/32762/480x360","https://tour.taitung.gov.tw/zh-tw/Attraction/Details/1309","32762.jpg","existing"
"嘉蘭部落","Attractions-1279","https://tour.taitung.gov.tw/image/48816/480x360","https://tour.taitung.gov.tw/zh-tw/Attraction/Details/1279","48816.jpg","existing"
"嘉蘭溫泉公園","Attractions-1397","https://tour.taitung.gov.tw/image/33786/480x360","https://tour.taitung.gov.tw/zh-tw/Attraction/Details/1397","33786.jpg","existing"
"寧埔休憩區","Attractions-1476","https://tour.taitung.gov.tw/image/53266/480x360","https://tour.taitung.gov.tw/zh-tw/Attraction/Details/1476","53266.jpg","existing"
"瑪洛阿瀧部落","Attractions-432","https://tour.taitung.gov.tw/image/777/480x360","https://tour.taitung.gov.tw/zh-tw/Attraction/Details/432","777.jpg","existing"
"綠洲山莊","Attractions-479","https://tour.taitung.gov.tw/image/35897/480x360","https://tour.taitung.gov.tw/zh-tw/Attraction/Details/479","35897.jpg","existing"
"綠島豆丁海馬海底郵筒(綠島海底世界)","Attractions-1315","https://tour.taitung.gov.tw/image/34274/480x360","https://tour.taitung.gov.tw/zh-tw/Attraction/Details/1315","34274.jpg","existing"
"綠島南寮漁港","Attractions-367","https://tour.taitung.gov.tw/image/28546/480x360","https://tour.taitung.gov.tw/zh-tw/Attraction/Details/367","28546.jpg","existing"
"綠島紫坪生態保育區","Attractions-373","https://tour.taitung.gov.tw/image/328/480x360","https://tour.taitung.gov.tw/zh-tw/Attraction/Details/373","328.jpg","existing"
"綠島遊客中心","Attractions-375","https://tour.taitung.gov.tw/image/47729/480x360","https://tour.taitung.gov.tw/zh-tw/Attraction/Details/375","47729.jpg","existing"
"綠島監獄","Attractions-376","https://tour.taitung.gov.tw/image/26436/480x360","https://tour.taitung.gov.tw/zh-tw/Attraction/Details/376","26436.jpg","existing"
"綠島樓門岩","Attractions-378","https://tour.taitung.gov.tw/image/35940/480x360","https://tour.taitung.gov.tw/zh-tw/Attraction/Details/378","35940.jpg","existing"
"綠島燈塔","Attractions-377","https://tour.taitung.gov.tw/image/35867/480x360","https://tour.taitung.gov.tw/zh-tw/Attraction/Details/377","35867.jpg","existing"
"綠島觀音洞","Attractions-380","https://tour.taitung.gov.tw/image/35871/480x360","https://tour.taitung.gov.tw/zh-tw/Attraction/Details/380","35871.jpg","existing"
"臺東大學圖書資訊館","Attractions-1478","https://tour.taitung.gov.tw/image/52338/480x360","https://tour.taitung.gov.tw/zh-tw/Attraction/Details/1478","52338.jpg","existing"
"臺東市北町日式建築宿舍群","Attractions-1330","https://tour.taitung.gov.tw/image/53469/480x360","https://tour.taitung.gov.tw/zh-tw/Attraction/Details/1330","53469.jpg","existing"
"臺東車站","Attractions-468","https://tour.taitung.gov.tw/image/52549/480x360","https://tour.taitung.gov.tw/zh-tw/Attraction/Details/468","52549.jpg","existing"
"臺東兒童運動公園","Attractions-1555","https://tour.taitung.gov.tw/image/53740/480x360","https://tour.taitung.gov.tw/zh-tw/Attraction/Details/1555","53740.jpg","existing"
"臺東美術館","Attractions-313","https://tour.taitung.gov.tw/image/50481/480x360","https://tour.taitung.gov.tw/zh-tw/Attraction/Details/313","50481.jpg","existing"
"臺東原生應用植物園","Attractions-278","https://tour.taitung.gov.tw/image/35985/480x360","https://tour.taitung.gov.tw/zh-tw/Attraction/Details/278","35985.jpg","existing"
"臺東航空站","Attractions-360","https://tour.taitung.gov.tw/image/56532/480x360","https://tour.taitung.gov.tw/zh-tw/Attraction/Details/360","56532.jpg","existing"
"臺東森林公園","Attractions-454","https://tour.taitung.gov.tw/image/53399/480x360","https://tour.taitung.gov.tw/zh-tw/Attraction/Details/454","53399.jpg","existing"
"臺東農場","Attractions-256","https://tour.taitung.gov.tw/image/457/480x360","https://tour.taitung.gov.tw/zh-tw/Attraction/Details/256","457.jpg","existing"
"臺東縣成功鎮原住民文物館","Attractions-1319","https://tour.taitung.gov.tw/image/48214/480x360","https://tour.taitung.gov.tw/zh-tw/Attraction/Details/1319","48214.jpg","existing"
"臺東環市自行車道(山海鐵馬道)","Attractions-471","https://tour.taitung.gov.tw/image/34223/480x360","https://tour.taitung.gov.tw/zh-tw/Attraction/Details/471","34223.jpg","existing"
"臺東舊站特區","Attractions-1285","https://tour.taitung.gov.tw/image/56480/480x360","https://tour.taitung.gov.tw/zh-tw/Attraction/Details/1285","56480.jpg","existing"
"臺東舊鐵道路廊","Attractions-316","https://tour.taitung.gov.tw/image/743/480x360","https://tour.taitung.gov.tw/zh-tw/Attraction/Details/316","743.jpg","existing"
"臺東轉運站","Attractions-1296","https://tour.taitung.gov.tw/image/56633/480x360","https://tour.taitung.gov.tw/zh-tw/Attraction/Details/1296","56633.jpg","existing"
"臺東觀光夜市","Attractions-303","https://tour.taitung.gov.tw/image/56729/480x360","https://tour.taitung.gov.tw/zh-tw/Attraction/Details/303","56729.jpg","existing"
"賓朗(檳榔)舊火車站","Attractions-298","https://tour.taitung.gov.tw/image/113/480x360","https://tour.taitung.gov.tw/zh-tw/Attraction/Details/298","113.jpg","existing"
"摩天嶺","Attractions-218","https://tour.taitung.gov.tw/image/950/480x360","https://tour.taitung.gov.tw/zh-tw/Attraction/Details/218","950.jpg","existing"
"撒布優部落","Attractions-240","https://tour.taitung.gov.tw/image/694/480x360","https://tour.taitung.gov.tw/zh-tw/Attraction/Details/240","694.jpg","existing"
"樟原長老教會","Attractions-426","https://tour.taitung.gov.tw/image/292/480x360","https://tour.taitung.gov.tw/zh-tw/Attraction/Details/426","292.jpg","existing"
"樟原部落","Attractions-1263","https://tour.taitung.gov.tw/image/48882/480x360","https://tour.taitung.gov.tw/zh-tw/Attraction/Details/1263","48882.jpg","existing"
"稻米原鄉館","Attractions-258","https://tour.taitung.gov.tw/image/48358/480x360","https://tour.taitung.gov.tw/zh-tw/Attraction/Details/258","48358.jpg","existing"
"魯拉克斯吊橋","Attractions-1320","https://tour.taitung.gov.tw/image/28088/480x360","https://tour.taitung.gov.tw/zh-tw/Attraction/Details/1320","28088.jpg","existing"
"齒草橋休息區","Attractions-1466","https://tour.taitung.gov.tw/image/52811/480x360","https://tour.taitung.gov.tw/zh-tw/Attraction/Details/1466","52811.jpg","existing"
"鋼盔岩","Attractions-398","https://tour.taitung.gov.tw/image/33716/480x360","https://tour.taitung.gov.tw/zh-tw/Attraction/Details/398","33716.jpg","existing"
"龍頭岩","Attractions-399","https://tour.taitung.gov.tw/image/33508/480x360","https://tour.taitung.gov.tw/zh-tw/Attraction/Details/399","33508.jpg","existing"
"舊樟原橋遊憩區","Attractions-359","https://tour.taitung.gov.tw/image/231/480x360","https://tour.taitung.gov.tw/zh-tw/Attraction/Details/359","231.jpg","existing"
"舊蘭嶼燈塔","Attractions-1373","https://tour.taitung.gov.tw/image/32278/480x360","https://tour.taitung.gov.tw/zh-tw/Attraction/Details/1373","32278.jpg","existing"
"雙獅岩","Attractions-400","https://tour.taitung.gov.tw/image/33511/480x360","https://tour.taitung.gov.tw/zh-tw/Attraction/Details/400","33511.jpg","existing"
"鯉魚山公園","Attractions-312","https://tour.taitung.gov.tw/image/52640/480x360","https://tour.taitung.gov.tw/zh-tw/Attraction/Details/312","52640.jpg","existing"
"瀧部落","Attractions-1269","https://tour.taitung.gov.tw/image/5319/480x360","https://tour.taitung.gov.tw/zh-tw/Attraction/Details/1269","5319.jpg","existing"
"關山天后宮","Attractions-264","https://tour.taitung.gov.tw/image/548/480x360","https://tour.taitung.gov.tw/zh-tw/Attraction/Details/264","548.jpg","existing"
"關山米國學校","Attractions-459","https://tour.taitung.gov.tw/image/47818/480x360","https://tour.taitung.gov.tw/zh-tw/Attraction/Details/459","47818.jpg","existing"
"關山親水公園","Attractions-265","https://tour.taitung.gov.tw/image/5779/480x360","https://tour.taitung.gov.tw/zh-tw/Attraction/Details/265","5779.jpg","existing"
"關山環鎮自行車道","Attractions-461","https://tour.taitung.gov.tw/image/49170/480x360","https://tour.taitung.gov.tw/zh-tw/Attraction/Details/461","49170.jpg","existing"
"關山警史館","Attractions-460","https://tour.taitung.gov.tw/image/36022/480x360","https://tour.taitung.gov.tw/zh-tw/Attraction/Details/460","36022.jpg","existing"
"霧鹿古砲台","Attractions-219","https://tour.taitung.gov.tw/image/50820/480x360","https://tour.taitung.gov.tw/zh-tw/Attraction/Details/219","50820.jpg","existing"
"霧鹿峽谷","Attractions-462","https://tour.taitung.gov.tw/image/32002/480x360","https://tour.taitung.gov.tw/zh-tw/Attraction/Details/462","32002.jpg","existing"
"霧鹿部落","Attractions-1253","https://tour.taitung.gov.tw/image/5308/480x360","https://tour.taitung.gov.tw/zh-tw/Attraction/Details/1253","5308.jpg","existing"
"饅頭岩","Attractions-401","https://tour.taitung.gov.tw/image/33514/480x360","https://tour.taitung.gov.tw/zh-tw/Attraction/Details/401","33514.jpg","existing"
"寶町藝文中心","Attractions-484","https://tour.taitung.gov.tw/image/52461/480x360","https://tour.taitung.gov.tw/zh-tw/Attraction/Details/484","52461.jpg","existing"
"櫻木花道平交道","Attractions-1462","https://tour.taitung.gov.tw/image/50440/480x360","https://tour.taitung.gov.tw/zh-tw/Attraction/Details/1462","50440.jpg","existing"
"蘭嶼氣象站","Attractions-408","https://tour.taitung.gov.tw/image/35959/480x360","https://tour.taitung.gov.tw/zh-tw/Attraction/Details/408","35959.jpg","existing"
"蘭嶼燈塔","Attractions-402","https://tour.taitung.gov.tw/image/32312/480x360","https://tour.taitung.gov.tw/zh-tw/Attraction/Details/402","32312.jpg","existing"
"鱷魚岩","Attractions-403","https://tour.taitung.gov.tw/image/33717/480x360","https://tour.taitung.gov.tw/zh-tw/Attraction/Details/403","33717.jpg","existing"
"鸞山森林文化博物館","Attractions-1256","https://tour.taitung.gov.tw/image/56815/480x360","https://tour.taitung.gov.tw/zh-tw/Attraction/Details/1256","56815.jpg","existing"
"Pacefongan 巴茲風岸 (都歷沙灘)","Attractions-1327","https://tour.taitung.gov.tw/image/28496/480x360","https://tour.taitung.gov.tw/zh-tw/Attraction/Details/1327","28496.jpg","existing"
"TTstyle原創館-波浪屋","Attractions-1318","https://tour.taitung.gov.tw/image/56601/480x360","https://tour.taitung.gov.tw/zh-tw/Attraction/Details/1318","56601.jpg","existing"
